{
    "a1r1": {
        "percentage": 0.08217270194986072,
        "distribution": [0.103928352378, 0.112737447574, 0.152589728002, 0.135157770752, 0.136507947175, 0.145217935503, 0.145060315889, 0.215229979635, 0.302081373814, 0.675675508347, 0.178417759843, 0.198523138729, 0.174468748163, 0.167431044989, 0.118997096513, 0.154529188668, 0.138866975105, 0.1472598609, 0.150925468904, 0.11282593796, 0.126493508041, 0.0969861739268, 0.0838356055943, 0.0582135877595]
    },
    "a2r1": {
        "percentage": 0.10863509749303621,
        "distribution": [0.0772721111766, 0.117370641101, 0.141878879119, 0.148968126216, 0.164536359436, 0.174191597173, 0.180698546635, 0.164304490763, 0.172183515326, 0.204753645898, 0.182425078705, 0.195072637355, 0.192757216588, 0.173113984825, 0.177473445833, 0.598594915652, 0.188459063095, 0.206938372989, 0.1743912757, 0.179689307187, 0.144869472376, 0.179072521697, 0.134084555881, 0.0946337675631]
    },
    "a3r1": {
        "percentage": 0.116991643454039,
        "distribution": [0.0660852553458, 0.108040906883, 0.127174331123, 0.137854018673, 0.154972755738, 0.159765721177, 0.170005894311, 0.181452726782, 0.168004289079, 0.173638056867, 0.188776400901, 0.179426931979, 0.179447613658, 0.183678290919, 0.193986966509, 0.175096001041, 0.183649818631, 0.183613217969, 0.172489367907, 0.164912350062, 0.168806971476, 0.190382178999, 0.598781362277, 0.171199352971] 
    },
    "a1r2": {
        "percentage": 0.3649025069637883,
        "distribution": [0.22820048357, 0.212318165597, 0.206339122146, 0.216727826916, 0.203502246201, 0.202356361043, 0.194382137441, 0.198305108193, 0.204029116456, 0.196991178437, 0.199359398808, 0.202723399627, 0.198277185329, 0.205927363369, 0.199520783995, 0.196566622877, 0.202797487484, 0.2000162623, 0.200026019619, 0.207194880235, 0.206032120805, 0.205119269818, 0.202500197823, 0.206842871117]
    },
    "a2r2": {
        "percentage": 0.17827298050139276,
        "distribution": [0.117693823263, 0.543756231901, 0.22354420418, 0.18135891447, 0.173255988715, 0.172117758125, 0.184093268874, 0.188032977322, 0.181157495111, 0.176874613196, 0.18835653557, 0.187325356616, 0.178842073123, 0.188767491847, 0.177026128075, 0.177307935498, 0.196991023414, 0.164680957611, 0.179756177917, 0.164001829007, 0.174984447771, 0.15524649609, 0.145533825881, 0.112358473168]
    },
    "a3r2": {
        "percentage": 0.149025069637883,
        "distribution": [0.0982580355485, 0.133304626886, 0.168339387148, 0.170775688199, 0.18472416971, 0.196966881961, 0.574459612236, 0.216334783824, 0.191351126143, 0.186787636554, 0.17662964335, 0.186151601848, 0.173795670219, 0.189320413754, 0.168965360276, 0.163548413713, 0.169902443013, 0.174860389432, 0.167572106501, 0.189667709431, 0.167887124554, 0.162500145397, 0.134610303744, 0.102175212748]
    }
}